raw_text,extracted_at,course_code,course_title,credits,instructor,schedule,location
"Current page 
Course Catalog
Career
Filter By Letter
SUBJECT
VIEW COURSES
ABHT - Behavioral Health Tech - ABHT
ABHT - Behavioral Health Tech - ABHT
View Courses
ACCT& - Accounting - ACCT&
ACCT& - Accounting - ACCT&
View Courses
ADABE - Adult Basic Education - ADABE
ADABE - Adult Basic Education - ADABE
View Courses
ADESL - English as 2nd Language -ADESL
ADESL - English as 2nd Language -ADESL
View Courses
AEGS - Amer Ethnic&Gender Study-AEGS
AEGS - Amer Ethnic&Gender Study-AEGS
View Courses
ANTH - Anthropology - ANTH
ANTH - Anthropology - ANTH
View Courses
ANTH& - Anthropology - ANTH&
ANTH& - Anthropology - ANTH&
View Courses
ART - Art - ART
ART - Art - ART
View Courses
ART& - Art - ART&
ART& - Art - ART&
View Courses
ASL - American Sign Language - ASL
ASL - American Sign Language - ASL
View Courses
ASL& - American Sign Language - ASL&
ASL& - American Sign Language - ASL&
View Courses
ASTRO - Astronomy - ASTRO
ASTRO - Astronomy - ASTRO
View Courses
ASUDP - SUDP Apprenticeship - ASUDP
ASUDP - SUDP Apprenticeship - ASUDP
View Courses
BH - Behavioural Health - BH
BH - Behavioural Health - BH
View Courses
BH& - Behavioural Health - BH&
BH& - Behavioural Health - BH&
View Courses
BIOL - Biology - BIOL
BIOL - Biology - BIOL
View Courses
BIOL& - Biology - BIOL&
BIOL& - Biology - BIOL&
View Courses
BMGMT - Business Management - BMGMT
BMGMT - Business Management - BMGMT
View Courses
BNURS - Baccalaureate Nursing - BNURS
BNURS - Baccalaureate Nursing - BNURS
View Courses
BSTEC - Business Technology - BSTEC
BSTEC - Business Technology - BSTEC
View Courses
BUS - Business - BUS
BUS - Business - BUS
View Courses
BUS& - Business - BUS&
BUS& - Business - BUS&
View Courses
CDL - Com Drivers License - CDL
CDL - Com Drivers License - CDL
View Courses
CEAC - Comm Enrich-Arts&Crafts - CEAC
CEAC - Comm Enrich-Arts&Crafts - CEAC
View Courses
CEBUS - Comm Enrich-Business - CEBUS
CEBUS - Comm Enrich-Business - CEBUS
View Courses
CECOM - Comm Enrich-Com -CECOM
CECOM - Comm Enrich-Com -CECOM
View Courses
CEEXP - Career Exploration - CEEXP
CEEXP - Career Exploration - CEEXP
View Courses
CEFIT - CE Fitness (CEFIT)
CEFIT - CE Fitness (CEFIT)
View Courses
CEHG - Comm Enrich-Home&Garden - CEHG
CEHG - Comm Enrich-Home&Garden - CEHG
View Courses
CEHLT - CE Health (CEHLT)
CEHLT - CE Health (CEHLT)
View Courses
CELEI - Com-Enr Leisure Actv - CELEI
CELEI - Com-Enr Leisure Actv - CELEI
View Courses
CEMT - CE Manufact and Trades - CEMT
CEMT - CE Manufact and Trades - CEMT
View Courses
CEON - CE Outdoors and Nature (CEON)
CEON - CE Outdoors and Nature (CEON)
View Courses
CEPAR - CommEnrich-Parent Educ - CEPAR
CEPAR - CommEnrich-Parent Educ - CEPAR
View Courses
CEPG - CE Personal Growth
CEPG - CE Personal Growth
View Courses
CESLF - Com-Enr Self Improve - CESLF
CESLF - Com-Enr Self Improve - CESLF
View Courses
CHEM - Chemistry - CHEM
CHEM - Chemistry - CHEM
View Courses
CHEM& - Chemistry - CHEM&
CHEM& - Chemistry - CHEM&
View Courses
CIS - Comp Information Systems - CIS
CIS - Comp Information Systems - CIS
View Courses
CMST - Communication Studies - CMST
CMST - Communication Studies - CMST
View Courses
CMST& - Communication Studies - CMST&
CMST& - Communication Studies - CMST&
View Courses
CNCMP - ContinuingStudies-Comp - CNCMP
CNCMP - ContinuingStudies-Comp - CNCMP
View Courses
CNCTE - Continuing Studies-CTE - CNCTE
CNCTE - Continuing Studies-CTE - CNCTE
View Courses
CNPRF - Cont Studies-Prof Dev -CNPRF
CNPRF - Cont Studies-Prof Dev -CNPRF
View Courses
COAPP - Coop Apprenticeship - COAPP
COAPP - Coop Apprenticeship - COAPP
View Courses
COLL - College Success - COLL
COLL - College Success - COLL
View Courses
CONST - Construction Trades - CONST
CONST - Construction Trades - CONST
View Courses
COS - Cosmetology - COS
COS - Cosmetology - COS
View Courses
CPFA - Composite Plastc Fabric - CPFA
CPFA - Composite Plastc Fabric - CPFA
View Courses
CS - Computer Science - CS
CS - Computer Science - CS
View Courses
CS& - Computer Science - CS&
CS& - Computer Science - CS&
View Courses
CULIN - Culinary Arts - CULIN
CULIN - Culinary Arts - CULIN
View Courses
DHYG - Dental Hygiene - DHYG
DHYG - Dental Hygiene - DHYG
View Courses
DMA - Digital Media Arts - DMA
DMA - Digital Media Arts - DMA
View Courses
DMS - Diagnostic Medi Sonography-DMS
DMS - Diagnostic Medi Sonography-DMS
View Courses
DRMA - Dramatic Arts - DRMA
DRMA - Dramatic Arts - DRMA
View Courses
DRMA& - Dramatic Arts - DRMA&
DRMA& - Dramatic Arts - DRMA&
View Courses
ECED - Early Childhood Educ - ECED
ECED - Early Childhood Educ - ECED
View Courses
ECED& - Early Childhood Educ - ECED&
ECED& - Early Childhood Educ - ECED&
View Courses
ECON - Economics - ECON
ECON - Economics - ECON
View Courses
ECON& - Economics - ECON&
ECON& - Economics - ECON&
View Courses
EDUC - Education - EDUC
EDUC - Education - EDUC
View Courses
EDUC& - Education - EDUC&
EDUC& - Education - EDUC&
View Courses
EICMA - Elect Ind Ctrl Mech - EICMA
EICMA - Elect Ind Ctrl Mech - EICMA
View Courses
ELECT - Electronics - ELECT
ELECT - Electronics - ELECT
View Courses
ELRN - E-Learning - ELRN
ELRN - E-Learning - ELRN
View Courses
EM - Emergency Management - EM
EM - Emergency Management - EM
View Courses
EMA - Electronics Mechanic - EMA
EMA - Electronics Mechanic - EMA
View Courses
ENGL - English - ENGL
ENGL - English - ENGL
View Courses
ENGL& - English - ENGL&
ENGL& - English - ENGL&
View Courses
ENGR - Engineering - ENGR
ENGR - Engineering - ENGR
View Courses
ENGR& - Engineering - ENGR&
ENGR& - Engineering - ENGR&
View Courses
ENVS& - Environmental Science - ENVS&
ENVS& - Environmental Science - ENVS&
View Courses
EPA - Electroplating - EPA
EPA - Electroplating - EPA
View Courses
FASH - Fashion Marketing - FASH
FASH - Fashion Marketing - FASH
View Courses
FILM - Filmmaking - FILM
FILM - Filmmaking - FILM
View Courses
FRCH - French - FRCH
FRCH - French - FRCH
View Courses
FRCH& - French - FRCH&
FRCH& - French - FRCH&
View Courses
FVA - Filtered Ventilation - FVA
FVA - Filtered Ventilation - FVA
View Courses
FWA - Fabric Worker - FWA
FWA - Fabric Worker - FWA
View Courses
GEN-S - General Studies - GEN-S
GEN-S - General Studies - GEN-S
View Courses
GEOG - Geography - GEOG
GEOG - Geography - GEOG
View Courses
GEOG& - Geography - GEOG&
GEOG& - Geography - GEOG&
View Courses
GEOL - Geology - GEOL
GEOL - Geology - GEOL
View Courses
GEOL& - Geology - GEOL&
GEOL& - Geology - GEOL&
View Courses
GERM - German - GERM
GERM - German - GERM
View Courses
GERM& - German - GERM&
GERM& - German - GERM&
View Courses
HIST - History - HIST
HIST - History - HIST
View Courses
HIST& - History - HIST&
HIST& - History - HIST&
View Courses
HMEA - Hvy Mobile Equip Elect - HMEA
HMEA - Hvy Mobile Equip Elect - HMEA
View Courses
HMGMT - Hospitality Management - HMGMT
HMGMT - Hospitality Management - HMGMT
View Courses
HMMA - Hvy Mobile Equip Mech - HMMA
HMMA - Hvy Mobile Equip Mech - HMMA
View Courses
HS - Human Services - HS
HS - Human Services - HS
View Courses
HUMAN - Humanities - HUMAN
HUMAN - Humanities - HUMAN
View Courses
HVEA - High Voltage Electrician- HVEA
HVEA - High Voltage Electrician- HVEA
View Courses
IE - Intensive English - IE
IE - Intensive English - IE
View Courses
IESUM - Intensive English Summer
IESUM - Intensive English Summer
View Courses
INDTT - Indust Trades Tech - INDTT
INDTT - Indust Trades Tech - INDTT
View Courses
INTRN - Internship - INTRN
INTRN - Internship - INTRN
View Courses
IS - Information Systems - IS
IS - Information Systems - IS
View Courses
JAPN - Japanese - JAPN
JAPN - Japanese - JAPN
View Courses
JAPN& - Japanese - JAPN&
JAPN& - Japanese - JAPN&
View Courses
KREA - Korean - KREA
KREA - Korean - KREA
View Courses
KREA& - Korean - KREA&
KREA& - Korean - KREA&
View Courses
LBM - Leadership & Bus Manage - LBM
LBM - Leadership & Bus Manage - LBM
View Courses
LIB-R - Library Research - LIB-R
LIB-R - Library Research - LIB-R
View Courses
MACHA - Machinist - MACHA
MACHA - Machinist - MACHA
View Courses
MANU - Manufacturing
MANU - Manufacturing
View Courses
MATH - Mathematics - MATH
MATH - Mathematics - MATH
View Courses
MATH& - Mathematics - MATH&
MATH& - Mathematics - MATH&
View Courses
MATHI - Mathematics Integrated - MATHI
MATHI - Mathematics Integrated - MATHI
View Courses
MEA - Marine Electrician - MEA
MEA - Marine Electrician - MEA
View Courses
MEDA - Medical Assisting - MEDA
MEDA - Medical Assisting - MEDA
View Courses
MMMA - Marine Machinery Mech - MMMA
MMMA - Marine Machinery Mech - MMMA
View Courses
MPA - Marine Pipefitter - MPA
MPA - Marine Pipefitter - MPA
View Courses
MTEOR - Meteorology - MTEOR
MTEOR - Meteorology - MTEOR
View Courses
MUSC - Music - MUSC
MUSC - Music - MUSC
View Courses
MUSC& - Music - MUSC&
MUSC& - Music - MUSC&
View Courses
NA - Nursing Assistant - NA
NA - Nursing Assistant - NA
View Courses
NURSE - ATA Nursing - NURSE
NURSE - ATA Nursing - NURSE
View Courses
NUTR& - Nutrition - NUTR&
NUTR& - Nutrition - NUTR&
View Courses
OCEA& - Oceanography - OCEA&
OCEA& - Oceanography - OCEA&
View Courses
OHS - Oral Health Services
OHS - Oral Health Services
View Courses
OLRM - Org Leadership RM - OLRM
OLRM - Org Leadership RM - OLRM
View Courses
OLTM - Org Leadership TM - OLTM
OLTM - Org Leadership TM - OLTM
View Courses
P-MUS - Private Music - P-MUS
P-MUS - Private Music - P-MUS
View Courses
PAINA - Painter - PAINA
PAINA - Painter - PAINA
View Courses
PARED - Parent Education - PARED
PARED - Parent Education - PARED
View Courses
PE-ED - Physical Ed--Education - PE-ED
PE-ED - Physical Ed--Education - PE-ED
View Courses
PE-RD - Physical Ed-Rec &Dance - PE-RD
PE-RD - Physical Ed-Rec &Dance - PE-RD
View Courses
PEER - Peer Counselor - PEER
PEER - Peer Counselor - PEER
View Courses
PEFSP - Physical Ed-Fit&Sports- PEFSP
PEFSP - Physical Ed-Fit&Sports- PEFSP
View Courses
PHIL - Philosophy - PHIL
PHIL - Philosophy - PHIL
View Courses
PHIL& - Philosophy - PHIL&
PHIL& - Philosophy - PHIL&
View Courses
PHLEB - Phlebotomy - PHLEB
PHLEB - Phlebotomy - PHLEB
View Courses
PHYS - Physics - PHYS
PHYS - Physics - PHYS
View Courses
PHYS& - Physics - PHYS&
PHYS& - Physics - PHYS&
View Courses
PHYSA - Physics and Technology - PHYSA
PHYSA - Physics and Technology - PHYSA
View Courses
PMEA - Production Mach Elect - PMEA
PMEA - Production Mach Elect - PMEA
View Courses
PMMA - Production Mach Mech - PMMA
PMMA - Production Mach Mech - PMMA
View Courses
PNURS - Practical Nursing - PNURS
PNURS - Practical Nursing - PNURS
View Courses
POLS - Political Science - POLS
POLS - Political Science - POLS
View Courses
POLS& - Political Science - POLS&
POLS& - Political Science - POLS&
View Courses
PSYC - Psychology - PSYC
PSYC - Psychology - PSYC
View Courses
PSYC& - Psychology - PSYC&
PSYC& - Psychology - PSYC&
View Courses
PTA - Phys Therapist Assistant - PTA
PTA - Phys Therapist Assistant - PTA
View Courses
RADT - Radiologic Technology - RADT
RADT - Radiologic Technology - RADT
View Courses
RIGA - Rigger - RIGA
RIGA - Rigger - RIGA
View Courses
RS - Running Start - RS
RS - Running Start - RS
View Courses
SCI - Science - SCI
SCI - Science - SCI
View Courses
SHEETA - Sheetmetal Mechanic - SHEETA
SHEETA - Sheetmetal Mechanic - SHEETA
View Courses
SHFTA - Shipfitter - SHFTA
SHFTA - Shipfitter - SHFTA
View Courses
SHWRA - Shipwright - SHWRA
SHWRA - Shipwright - SHWRA
View Courses
SOC - Sociology - SOC
SOC - Sociology - SOC
View Courses
SOC& - Sociology - SOC&
SOC& - Sociology - SOC&
View Courses
SPAN - Spanish - SPAN
SPAN - Spanish - SPAN
View Courses
SPAN& - Spanish - SPAN&
SPAN& - Spanish - SPAN&
View Courses
ST - Surgical Technology - ST
ST - Surgical Technology - ST
View Courses
STARS - StateRegistry/Train Sys- STARS
STARS - StateRegistry/Train Sys- STARS
View Courses
TADN - Transition to ADN - TADN
TADN - Transition to ADN - TADN
View Courses
TCGA - Tool Cutter Grinder - TCGA
TCGA - Tool Cutter Grinder - TCGA
View Courses
TEC-D - Technical Design - TEC-D
TEC-D - Technical Design - TEC-D
View Courses
THINA - Thermal Insulator - THINA
THINA - Thermal Insulator - THINA
View Courses
TMA - Toolmaker - TMA
TMA - Toolmaker - TMA
View Courses
TSABE - Transitional Study ABE - TSABE
TSABE - Transitional Study ABE - TSABE
View Courses
TSEA - Temp Services Electrician-TSEA
TSEA - Temp Services Electrician-TSEA
View Courses
TSESL - Transitional Study ESL - TSESL
TSESL - Transitional Study ESL - TSESL
View Courses
TSHS - Transitional Study HS - TSHS
TSHS - Transitional Study HS - TSHS
View Courses
TSPA - Temp Services Pipefitter- TSPA
TSPA - Temp Services Pipefitter- TSPA
View Courses
TVSA - Temp Vent Sheetmetal - TVSA
TVSA - Temp Vent Sheetmetal - TVSA
View Courses
VLBSN - Vet&Licensed PN to BSN - VLBSN
VLBSN - Vet&Licensed PN to BSN - VLBSN
View Courses
WELD - Welding - WELD
WELD - Welding - WELD
View Courses
WELDA - Welding (PSNS) - WELDA
WELDA - Welding (PSNS) - WELDA
View Courses
Finished Loading
Finished Loading",2025-10-01T13:25:00.371600,,,,,,
